id,id,ast
362:c5119dcf,362:c5119dcf,
68:207a06ce,68:207a06ce,
353:c4f596b9,353:c4f596b9,
35:378dc910,35:378dc910,
398:71dac5ce,398:71dac5ce,
391:ff2981f7,391:ff2981f7,
135:1aa40df6,135:1aa40df6,
300:e0876bca,300:e0876bca,
192:d1a8460c,192:d1a8460c,
50:1a5f1a3f,50:1a5f1a3f,
330:af4941d4,330:af4941d4,
161:76180a2b,161:76180a2b,
59:1e4bf907,59:1e4bf907,
66:1ffec303,66:1ffec303,
104:30b5ae4d,104:30b5ae4d,
362:e3f51039,362:e3f51039,
68:0ef8e169,68:0ef8e169,
353:be7e795e,353:be7e795e,
35:126c9e05,35:126c9e05,
398:d7263d09,398:d7263d09,
391:d3621de7,391:d3621de7,
135:4417df8c,135:4417df8c,
300:9e6a4cfc,300:9e6a4cfc,
192:610b2337,192:610b2337,
50:11b53957,50:11b53957,
330:02a8cfa4,330:02a8cfa4,
161:5220b758,161:5220b758,
59:e25a4ded,59:e25a4ded,
66:d7263d09,66:d7263d09,
104:5cae882d,104:5cae882d,
